country_iso3,global_id,edition,index,attribute,value,Region
TCD,gggi_index,2024,GGGI,score,0.576056932,Sub-Saharan Africa
TCD,gggi_index,2024,GGGI,rank,144,Sub-Saharan Africa
GIN,gggi_index,2024,GGGI,score,0.601088146,Sub-Saharan Africa
GIN,gggi_index,2024,GGGI,rank,142,Sub-Saharan Africa
MLI,gggi_index,2024,GGGI,score,0.604091723,Sub-Saharan Africa
MLI,gggi_index,2024,GGGI,rank,141,Sub-Saharan Africa
COD,gggi_index,2024,GGGI,score,0.609348404,Sub-Saharan Africa
COD,gggi_index,2024,GGGI,rank,140,Sub-Saharan Africa
NER,gggi_index,2024,GGGI,score,0.627535176,Sub-Saharan Africa
NER,gggi_index,2024,GGGI,rank,138,Sub-Saharan Africa
BEN,gggi_index,2024,GGGI,score,0.629205272,Sub-Saharan Africa
BEN,gggi_index,2024,GGGI,rank,134,Sub-Saharan Africa
NGA,gggi_index,2024,GGGI,score,0.650124037,Sub-Saharan Africa
NGA,gggi_index,2024,GGGI,rank,125,Sub-Saharan Africa
CIV,gggi_index,2024,GGGI,score,0.655158144,Sub-Saharan Africa
CIV,gggi_index,2024,GGGI,rank,121,Sub-Saharan Africa
BFA,gggi_index,2024,GGGI,score,0.661335301,Sub-Saharan Africa
BFA,gggi_index,2024,GGGI,rank,120,Sub-Saharan Africa
COM,gggi_index,2024,GGGI,score,0.66285468,Sub-Saharan Africa
COM,gggi_index,2024,GGGI,rank,119,Sub-Saharan Africa
AGO,gggi_index,2024,GGGI,score,0.668007779,Sub-Saharan Africa
AGO,gggi_index,2024,GGGI,rank,113,Sub-Saharan Africa
GMB,gggi_index,2024,GGGI,score,0.679103494,Sub-Saharan Africa
GMB,gggi_index,2024,GGGI,rank,110,Sub-Saharan Africa
SEN,gggi_index,2024,GGGI,score,0.679386337,Sub-Saharan Africa
SEN,gggi_index,2024,GGGI,rank,109,Sub-Saharan Africa
MUS,gggi_index,2024,GGGI,score,0.683493503,Sub-Saharan Africa
MUS,gggi_index,2024,GGGI,rank,107,Sub-Saharan Africa
LSO,gggi_index,2024,GGGI,score,0.69104746,Sub-Saharan Africa
LSO,gggi_index,2024,GGGI,rank,98,Sub-Saharan Africa
CMR,gggi_index,2024,GGGI,score,0.693426946,Sub-Saharan Africa
CMR,gggi_index,2024,GGGI,rank,97,Sub-Saharan Africa
GHA,gggi_index,2024,GGGI,score,0.701105479,Sub-Saharan Africa
GHA,gggi_index,2024,GGGI,rank,88,Sub-Saharan Africa
SLE,gggi_index,2024,GGGI,score,0.707554597,Sub-Saharan Africa
SLE,gggi_index,2024,GGGI,rank,80,Sub-Saharan Africa
ETH,gggi_index,2024,GGGI,score,0.708808872,Sub-Saharan Africa
ETH,gggi_index,2024,GGGI,rank,79,Sub-Saharan Africa
TGO,gggi_index,2024,GGGI,score,0.71000191,Sub-Saharan Africa
TGO,gggi_index,2024,GGGI,rank,77,Sub-Saharan Africa
KEN,gggi_index,2024,GGGI,score,0.712436139,Sub-Saharan Africa
KEN,gggi_index,2024,GGGI,rank,75,Sub-Saharan Africa
MDG,gggi_index,2024,GGGI,score,0.719730744,Sub-Saharan Africa
MDG,gggi_index,2024,GGGI,rank,66,Sub-Saharan Africa
BWA,gggi_index,2024,GGGI,score,0.730445726,Sub-Saharan Africa
BWA,gggi_index,2024,GGGI,rank,57,Sub-Saharan Africa
SWZ,gggi_index,2024,GGGI,score,0.743992344,Sub-Saharan Africa
SWZ,gggi_index,2024,GGGI,rank,47,Sub-Saharan Africa
LBR,gggi_index,2024,GGGI,score,0.753598897,Sub-Saharan Africa
LBR,gggi_index,2024,GGGI,rank,42,Sub-Saharan Africa
CPV,gggi_index,2024,GGGI,score,0.755058739,Sub-Saharan Africa
CPV,gggi_index,2024,GGGI,rank,41,Sub-Saharan Africa
RWA,gggi_index,2024,GGGI,score,0.756570755,Sub-Saharan Africa
RWA,gggi_index,2024,GGGI,rank,39,Sub-Saharan Africa
BDI,gggi_index,2024,GGGI,score,0.75683752,Sub-Saharan Africa
BDI,gggi_index,2024,GGGI,rank,38,Sub-Saharan Africa
MOZ,gggi_index,2024,GGGI,score,0.776367312,Sub-Saharan Africa
MOZ,gggi_index,2024,GGGI,rank,27,Sub-Saharan Africa
NAM,gggi_index,2024,GGGI,score,0.804538033,Sub-Saharan Africa
NAM,gggi_index,2024,GGGI,rank,8,Sub-Saharan Africa
AGO,gggi_index,2006,GGGI,rank,96,Sub-Saharan Africa
BEN,gggi_index,2006,GGGI,rank,110,Sub-Saharan Africa
BFA,gggi_index,2006,GGGI,rank,104,Sub-Saharan Africa
BWA,gggi_index,2006,GGGI,rank,34,Sub-Saharan Africa
CMR,gggi_index,2006,GGGI,rank,103,Sub-Saharan Africa
ETH,gggi_index,2006,GGGI,rank,100,Sub-Saharan Africa
GHA,gggi_index,2006,GGGI,rank,58,Sub-Saharan Africa
GMB,gggi_index,2006,GGGI,rank,79,Sub-Saharan Africa
KEN,gggi_index,2006,GGGI,rank,73,Sub-Saharan Africa
LSO,gggi_index,2006,GGGI,rank,43,Sub-Saharan Africa
MDG,gggi_index,2006,GGGI,rank,84,Sub-Saharan Africa
MLI,gggi_index,2006,GGGI,rank,99,Sub-Saharan Africa
MRT,gggi_index,2006,GGGI,rank,106,Sub-Saharan Africa
MUS,gggi_index,2006,GGGI,rank,88,Sub-Saharan Africa
MWI,gggi_index,2006,GGGI,rank,81,Sub-Saharan Africa
NAM,gggi_index,2006,GGGI,rank,38,Sub-Saharan Africa
NGA,gggi_index,2006,GGGI,rank,94,Sub-Saharan Africa
TCD,gggi_index,2006,GGGI,rank,113,Sub-Saharan Africa
AGO,gggi_index,2006,GGGI,score,0.603891564,Sub-Saharan Africa
BEN,gggi_index,2006,GGGI,score,0.577959365,Sub-Saharan Africa
BFA,gggi_index,2006,GGGI,score,0.585387831,Sub-Saharan Africa
BWA,gggi_index,2006,GGGI,score,0.689703332,Sub-Saharan Africa
CMR,gggi_index,2006,GGGI,score,0.586545872,Sub-Saharan Africa
ETH,gggi_index,2006,GGGI,score,0.594642765,Sub-Saharan Africa
GHA,gggi_index,2006,GGGI,score,0.665284606,Sub-Saharan Africa
GMB,gggi_index,2006,GGGI,score,0.644805156,Sub-Saharan Africa
KEN,gggi_index,2006,GGGI,score,0.648559196,Sub-Saharan Africa
LSO,gggi_index,2006,GGGI,score,0.680678254,Sub-Saharan Africa
MDG,gggi_index,2006,GGGI,score,0.638528049,Sub-Saharan Africa
MLI,gggi_index,2006,GGGI,score,0.599616322,Sub-Saharan Africa
MRT,gggi_index,2006,GGGI,score,0.58347438,Sub-Saharan Africa
MUS,gggi_index,2006,GGGI,score,0.632750375,Sub-Saharan Africa
MWI,gggi_index,2006,GGGI,score,0.643665512,Sub-Saharan Africa
NAM,gggi_index,2006,GGGI,score,0.686442619,Sub-Saharan Africa
NGA,gggi_index,2006,GGGI,score,0.610427805,Sub-Saharan Africa
SWZ,gggi_index,2006,GGGI,score,0.6598769,Sub-Saharan Africa
TCD,gggi_index,2006,GGGI,score,0.524742184,Sub-Saharan Africa
AGO,gggi_index,2007,GGGI,rank,110,Sub-Saharan Africa
BEN,gggi_index,2007,GGGI,rank,123,Sub-Saharan Africa
BFA,gggi_index,2007,GGGI,rank,117,Sub-Saharan Africa
BWA,gggi_index,2007,GGGI,rank,53,Sub-Saharan Africa
CMR,gggi_index,2007,GGGI,rank,116,Sub-Saharan Africa
ETH,gggi_index,2007,GGGI,rank,113,Sub-Saharan Africa
GHA,gggi_index,2007,GGGI,rank,63,Sub-Saharan Africa
GMB,gggi_index,2007,GGGI,rank,95,Sub-Saharan Africa
KEN,gggi_index,2007,GGGI,rank,83,Sub-Saharan Africa
LSO,gggi_index,2007,GGGI,rank,26,Sub-Saharan Africa
MDG,gggi_index,2007,GGGI,rank,89,Sub-Saharan Africa
MLI,gggi_index,2007,GGGI,rank,112,Sub-Saharan Africa
MOZ,gggi_index,2007,GGGI,rank,43,Sub-Saharan Africa
MRT,gggi_index,2007,GGGI,rank,111,Sub-Saharan Africa
MUS,gggi_index,2007,GGGI,rank,85,Sub-Saharan Africa
MWI,gggi_index,2007,GGGI,rank,87,Sub-Saharan Africa
NAM,gggi_index,2007,GGGI,rank,29,Sub-Saharan Africa
NGA,gggi_index,2007,GGGI,rank,107,Sub-Saharan Africa
TCD,gggi_index,2007,GGGI,rank,127,Sub-Saharan Africa
AGO,gggi_index,2007,GGGI,score,0.603369596,Sub-Saharan Africa
BEN,gggi_index,2007,GGGI,score,0.565639261,Sub-Saharan Africa
BFA,gggi_index,2007,GGGI,score,0.591243176,Sub-Saharan Africa
BWA,gggi_index,2007,GGGI,score,0.679739859,Sub-Saharan Africa
CMR,gggi_index,2007,GGGI,score,0.591885659,Sub-Saharan Africa
ETH,gggi_index,2007,GGGI,score,0.59911858,Sub-Saharan Africa
GHA,gggi_index,2007,GGGI,score,0.672517794,Sub-Saharan Africa
GMB,gggi_index,2007,GGGI,score,0.642123818,Sub-Saharan Africa
KEN,gggi_index,2007,GGGI,score,0.650837255,Sub-Saharan Africa
LSO,gggi_index,2007,GGGI,score,0.707768453,Sub-Saharan Africa
MDG,gggi_index,2007,GGGI,score,0.646133189,Sub-Saharan Africa
MLI,gggi_index,2007,GGGI,score,0.601863495,Sub-Saharan Africa
MOZ,gggi_index,2007,GGGI,score,0.688313919,Sub-Saharan Africa
MRT,gggi_index,2007,GGGI,score,0.602166679,Sub-Saharan Africa
MUS,gggi_index,2007,GGGI,score,0.648726458,Sub-Saharan Africa
MWI,gggi_index,2007,GGGI,score,0.648024012,Sub-Saharan Africa
NAM,gggi_index,2007,GGGI,score,0.701185246,Sub-Saharan Africa
NGA,gggi_index,2007,GGGI,score,0.612244685,Sub-Saharan Africa
SWZ,gggi_index,2007,GGGI,score,0.666742,Sub-Saharan Africa
TCD,gggi_index,2007,GGGI,score,0.53810348,Sub-Saharan Africa
AGO,gggi_index,2008,GGGI,rank,114,Sub-Saharan Africa
BEN,gggi_index,2008,GGGI,rank,126,Sub-Saharan Africa
BFA,gggi_index,2008,GGGI,rank,115,Sub-Saharan Africa
BWA,gggi_index,2008,GGGI,rank,63,Sub-Saharan Africa
CMR,gggi_index,2008,GGGI,rank,117,Sub-Saharan Africa
ETH,gggi_index,2008,GGGI,rank,122,Sub-Saharan Africa
GHA,gggi_index,2008,GGGI,rank,77,Sub-Saharan Africa
GMB,gggi_index,2008,GGGI,rank,85,Sub-Saharan Africa
KEN,gggi_index,2008,GGGI,rank,88,Sub-Saharan Africa
LSO,gggi_index,2008,GGGI,rank,16,Sub-Saharan Africa
MDG,gggi_index,2008,GGGI,rank,74,Sub-Saharan Africa
MLI,gggi_index,2008,GGGI,rank,109,Sub-Saharan Africa
MOZ,gggi_index,2008,GGGI,rank,18,Sub-Saharan Africa
MRT,gggi_index,2008,GGGI,rank,110,Sub-Saharan Africa
MUS,gggi_index,2008,GGGI,rank,95,Sub-Saharan Africa
MWI,gggi_index,2008,GGGI,rank,81,Sub-Saharan Africa
NAM,gggi_index,2008,GGGI,rank,30,Sub-Saharan Africa
NGA,gggi_index,2008,GGGI,rank,102,Sub-Saharan Africa
TCD,gggi_index,2008,GGGI,rank,129,Sub-Saharan Africa
AGO,gggi_index,2008,GGGI,score,0.603206495,Sub-Saharan Africa
BEN,gggi_index,2008,GGGI,score,0.558175591,Sub-Saharan Africa
BFA,gggi_index,2008,GGGI,score,0.602896308,Sub-Saharan Africa
BWA,gggi_index,2008,GGGI,score,0.683854142,Sub-Saharan Africa
CMR,gggi_index,2008,GGGI,score,0.601660697,Sub-Saharan Africa
ETH,gggi_index,2008,GGGI,score,0.586745713,Sub-Saharan Africa
GHA,gggi_index,2008,GGGI,score,0.667877728,Sub-Saharan Africa
GMB,gggi_index,2008,GGGI,score,0.662150873,Sub-Saharan Africa
KEN,gggi_index,2008,GGGI,score,0.654728461,Sub-Saharan Africa
LSO,gggi_index,2008,GGGI,score,0.731987523,Sub-Saharan Africa
MDG,gggi_index,2008,GGGI,score,0.673555586,Sub-Saharan Africa
MLI,gggi_index,2008,GGGI,score,0.611688622,Sub-Saharan Africa
MOZ,gggi_index,2008,GGGI,score,0.726629145,Sub-Saharan Africa
MRT,gggi_index,2008,GGGI,score,0.611670585,Sub-Saharan Africa
MUS,gggi_index,2008,GGGI,score,0.646563833,Sub-Saharan Africa
MWI,gggi_index,2008,GGGI,score,0.666372116,Sub-Saharan Africa
NAM,gggi_index,2008,GGGI,score,0.714088225,Sub-Saharan Africa
NGA,gggi_index,2008,GGGI,score,0.633949997,Sub-Saharan Africa
SWZ,gggi_index,2008,GGGI,score,0.6812825,Sub-Saharan Africa
TCD,gggi_index,2008,GGGI,score,0.529022413,Sub-Saharan Africa
AGO,gggi_index,2009,GGGI,rank,106,Sub-Saharan Africa
BEN,gggi_index,2009,GGGI,rank,131,Sub-Saharan Africa
BFA,gggi_index,2009,GGGI,rank,120,Sub-Saharan Africa
BWA,gggi_index,2009,GGGI,rank,39,Sub-Saharan Africa
CMR,gggi_index,2009,GGGI,rank,118,Sub-Saharan Africa
ETH,gggi_index,2009,GGGI,rank,122,Sub-Saharan Africa
GHA,gggi_index,2009,GGGI,rank,80,Sub-Saharan Africa
GMB,gggi_index,2009,GGGI,rank,75,Sub-Saharan Africa
KEN,gggi_index,2009,GGGI,rank,97,Sub-Saharan Africa
LSO,gggi_index,2009,GGGI,rank,10,Sub-Saharan Africa
MDG,gggi_index,2009,GGGI,rank,77,Sub-Saharan Africa
MLI,gggi_index,2009,GGGI,rank,127,Sub-Saharan Africa
MOZ,gggi_index,2009,GGGI,rank,26,Sub-Saharan Africa
MRT,gggi_index,2009,GGGI,rank,119,Sub-Saharan Africa
MUS,gggi_index,2009,GGGI,rank,96,Sub-Saharan Africa
MWI,gggi_index,2009,GGGI,rank,76,Sub-Saharan Africa
NAM,gggi_index,2009,GGGI,rank,32,Sub-Saharan Africa
NGA,gggi_index,2009,GGGI,rank,108,Sub-Saharan Africa
SEN,gggi_index,2009,GGGI,rank,102,Sub-Saharan Africa
TCD,gggi_index,2009,GGGI,rank,133,Sub-Saharan Africa
AGO,gggi_index,2009,GGGI,score,0.635325264,Sub-Saharan Africa
BEN,gggi_index,2009,GGGI,score,0.564280389,Sub-Saharan Africa
BFA,gggi_index,2009,GGGI,score,0.608141168,Sub-Saharan Africa
BWA,gggi_index,2009,GGGI,score,0.707074021,Sub-Saharan Africa
CMR,gggi_index,2009,GGGI,score,0.610780391,Sub-Saharan Africa
ETH,gggi_index,2009,GGGI,score,0.594782649,Sub-Saharan Africa
GHA,gggi_index,2009,GGGI,score,0.670394481,Sub-Saharan Africa
GMB,gggi_index,2009,GGGI,score,0.675185217,Sub-Saharan Africa
KEN,gggi_index,2009,GGGI,score,0.651220413,Sub-Saharan Africa
LSO,gggi_index,2009,GGGI,score,0.749549585,Sub-Saharan Africa
MDG,gggi_index,2009,GGGI,score,0.673242512,Sub-Saharan Africa
MLI,gggi_index,2009,GGGI,score,0.586023571,Sub-Saharan Africa
MOZ,gggi_index,2009,GGGI,score,0.719521188,Sub-Saharan Africa
MRT,gggi_index,2009,GGGI,score,0.610269186,Sub-Saharan Africa
MUS,gggi_index,2009,GGGI,score,0.651288662,Sub-Saharan Africa
MWI,gggi_index,2009,GGGI,score,0.673779011,Sub-Saharan Africa
NAM,gggi_index,2009,GGGI,score,0.7166756,Sub-Saharan Africa
NGA,gggi_index,2009,GGGI,score,0.628031284,Sub-Saharan Africa
SEN,gggi_index,2009,GGGI,score,0.642654862,Sub-Saharan Africa
SWZ,gggi_index,2009,GGGI,score,0.6846939,Sub-Saharan Africa
TCD,gggi_index,2009,GGGI,score,0.541658377,Sub-Saharan Africa
AGO,gggi_index,2010,GGGI,rank,81,Sub-Saharan Africa
BEN,gggi_index,2010,GGGI,rank,128,Sub-Saharan Africa
BFA,gggi_index,2010,GGGI,rank,111,Sub-Saharan Africa
BWA,gggi_index,2010,GGGI,rank,62,Sub-Saharan Africa
CIV,gggi_index,2010,GGGI,rank,130,Sub-Saharan Africa
CMR,gggi_index,2010,GGGI,rank,114,Sub-Saharan Africa
ETH,gggi_index,2010,GGGI,rank,121,Sub-Saharan Africa
GHA,gggi_index,2010,GGGI,rank,70,Sub-Saharan Africa
GMB,gggi_index,2010,GGGI,rank,75,Sub-Saharan Africa
KEN,gggi_index,2010,GGGI,rank,96,Sub-Saharan Africa
LSO,gggi_index,2010,GGGI,rank,8,Sub-Saharan Africa
MDG,gggi_index,2010,GGGI,rank,80,Sub-Saharan Africa
MLI,gggi_index,2010,GGGI,rank,131,Sub-Saharan Africa
MOZ,gggi_index,2010,GGGI,rank,22,Sub-Saharan Africa
MRT,gggi_index,2010,GGGI,rank,113,Sub-Saharan Africa
MUS,gggi_index,2010,GGGI,rank,95,Sub-Saharan Africa
MWI,gggi_index,2010,GGGI,rank,68,Sub-Saharan Africa
NAM,gggi_index,2010,GGGI,rank,25,Sub-Saharan Africa
NGA,gggi_index,2010,GGGI,rank,118,Sub-Saharan Africa
SEN,gggi_index,2010,GGGI,rank,101,Sub-Saharan Africa
TCD,gggi_index,2010,GGGI,rank,133,Sub-Saharan Africa
AGO,gggi_index,2010,GGGI,score,0.671171866,Sub-Saharan Africa
BEN,gggi_index,2010,GGGI,score,0.571869547,Sub-Saharan Africa
BFA,gggi_index,2010,GGGI,score,0.616240971,Sub-Saharan Africa
BWA,gggi_index,2010,GGGI,score,0.687608681,Sub-Saharan Africa
CIV,gggi_index,2010,GGGI,score,0.569090141,Sub-Saharan Africa
CMR,gggi_index,2010,GGGI,score,0.610996135,Sub-Saharan Africa
ETH,gggi_index,2010,GGGI,score,0.601907087,Sub-Saharan Africa
GHA,gggi_index,2010,GGGI,score,0.678165401,Sub-Saharan Africa
GMB,gggi_index,2010,GGGI,score,0.676213408,Sub-Saharan Africa
KEN,gggi_index,2010,GGGI,score,0.649944419,Sub-Saharan Africa
LSO,gggi_index,2010,GGGI,score,0.767808714,Sub-Saharan Africa
MDG,gggi_index,2010,GGGI,score,0.671312484,Sub-Saharan Africa
MLI,gggi_index,2010,GGGI,score,0.567970973,Sub-Saharan Africa
MOZ,gggi_index,2010,GGGI,score,0.732883912,Sub-Saharan Africa
MRT,gggi_index,2010,GGGI,score,0.61524478,Sub-Saharan Africa
MUS,gggi_index,2010,GGGI,score,0.651957363,Sub-Saharan Africa
MWI,gggi_index,2010,GGGI,score,0.682439906,Sub-Saharan Africa
NAM,gggi_index,2010,GGGI,score,0.723843394,Sub-Saharan Africa
NGA,gggi_index,2010,GGGI,score,0.605518068,Sub-Saharan Africa
SEN,gggi_index,2010,GGGI,score,0.641385621,Sub-Saharan Africa
SWZ,gggi_index,2010,GGGI,score,0.6848004,Sub-Saharan Africa
TCD,gggi_index,2010,GGGI,score,0.532987498,Sub-Saharan Africa
AGO,gggi_index,2011,GGGI,rank,87,Sub-Saharan Africa
BDI,gggi_index,2011,GGGI,rank,24,Sub-Saharan Africa
BEN,gggi_index,2011,GGGI,rank,128,Sub-Saharan Africa
BFA,gggi_index,2011,GGGI,rank,115,Sub-Saharan Africa
BWA,gggi_index,2011,GGGI,rank,66,Sub-Saharan Africa
CIV,gggi_index,2011,GGGI,rank,130,Sub-Saharan Africa
CMR,gggi_index,2011,GGGI,rank,119,Sub-Saharan Africa
ETH,gggi_index,2011,GGGI,rank,116,Sub-Saharan Africa
GHA,gggi_index,2011,GGGI,rank,70,Sub-Saharan Africa
GMB,gggi_index,2011,GGGI,rank,77,Sub-Saharan Africa
KEN,gggi_index,2011,GGGI,rank,99,Sub-Saharan Africa
LSO,gggi_index,2011,GGGI,rank,9,Sub-Saharan Africa
MDG,gggi_index,2011,GGGI,rank,71,Sub-Saharan Africa
MLI,gggi_index,2011,GGGI,rank,132,Sub-Saharan Africa
MOZ,gggi_index,2011,GGGI,rank,26,Sub-Saharan Africa
MRT,gggi_index,2011,GGGI,rank,114,Sub-Saharan Africa
MUS,gggi_index,2011,GGGI,rank,95,Sub-Saharan Africa
MWI,gggi_index,2011,GGGI,rank,65,Sub-Saharan Africa
NAM,gggi_index,2011,GGGI,rank,32,Sub-Saharan Africa
NGA,gggi_index,2011,GGGI,rank,120,Sub-Saharan Africa
SEN,gggi_index,2011,GGGI,rank,92,Sub-Saharan Africa
TCD,gggi_index,2011,GGGI,rank,134,Sub-Saharan Africa
AGO,gggi_index,2011,GGGI,score,0.662359059,Sub-Saharan Africa
BDI,gggi_index,2011,GGGI,score,0.72704959,Sub-Saharan Africa
BEN,gggi_index,2011,GGGI,score,0.583201437,Sub-Saharan Africa
BFA,gggi_index,2011,GGGI,score,0.615269761,Sub-Saharan Africa
BWA,gggi_index,2011,GGGI,score,0.683241833,Sub-Saharan Africa
CIV,gggi_index,2011,GGGI,score,0.577327592,Sub-Saharan Africa
CMR,gggi_index,2011,GGGI,score,0.607263402,Sub-Saharan Africa
ETH,gggi_index,2011,GGGI,score,0.613591577,Sub-Saharan Africa
GHA,gggi_index,2011,GGGI,score,0.681121248,Sub-Saharan Africa
GMB,gggi_index,2011,GGGI,score,0.676301852,Sub-Saharan Africa
KEN,gggi_index,2011,GGGI,score,0.649285747,Sub-Saharan Africa
LSO,gggi_index,2011,GGGI,score,0.766625809,Sub-Saharan Africa
MDG,gggi_index,2011,GGGI,score,0.679747086,Sub-Saharan Africa
MLI,gggi_index,2011,GGGI,score,0.575246156,Sub-Saharan Africa
MOZ,gggi_index,2011,GGGI,score,0.72513077,Sub-Saharan Africa
MRT,gggi_index,2011,GGGI,score,0.616392547,Sub-Saharan Africa
MUS,gggi_index,2011,GGGI,score,0.652920922,Sub-Saharan Africa
MWI,gggi_index,2011,GGGI,score,0.68497126,Sub-Saharan Africa
NAM,gggi_index,2011,GGGI,score,0.717687729,Sub-Saharan Africa
NGA,gggi_index,2011,GGGI,score,0.601126435,Sub-Saharan Africa
SEN,gggi_index,2011,GGGI,score,0.657336297,Sub-Saharan Africa
SWZ,gggi_index,2011,GGGI,score,0.6835401,Sub-Saharan Africa
TCD,gggi_index,2011,GGGI,score,0.533435567,Sub-Saharan Africa
BDI,gggi_index,2012,GGGI,rank,24,Sub-Saharan Africa
BEN,gggi_index,2012,GGGI,rank,117,Sub-Saharan Africa
BFA,gggi_index,2012,GGGI,rank,104,Sub-Saharan Africa
BWA,gggi_index,2012,GGGI,rank,77,Sub-Saharan Africa
CIV,gggi_index,2012,GGGI,rank,130,Sub-Saharan Africa
CMR,gggi_index,2012,GGGI,rank,112,Sub-Saharan Africa
CPV,gggi_index,2012,GGGI,rank,35,Sub-Saharan Africa
ETH,gggi_index,2012,GGGI,rank,118,Sub-Saharan Africa
GHA,gggi_index,2012,GGGI,rank,71,Sub-Saharan Africa
GMB,gggi_index,2012,GGGI,rank,93,Sub-Saharan Africa
KEN,gggi_index,2012,GGGI,rank,72,Sub-Saharan Africa
LSO,gggi_index,2012,GGGI,rank,14,Sub-Saharan Africa
MDG,gggi_index,2012,GGGI,rank,58,Sub-Saharan Africa
MLI,gggi_index,2012,GGGI,rank,128,Sub-Saharan Africa
MOZ,gggi_index,2012,GGGI,rank,23,Sub-Saharan Africa
MRT,gggi_index,2012,GGGI,rank,119,Sub-Saharan Africa
MUS,gggi_index,2012,GGGI,rank,98,Sub-Saharan Africa
MWI,gggi_index,2012,GGGI,rank,36,Sub-Saharan Africa
NAM,gggi_index,2012,GGGI,rank,41,Sub-Saharan Africa
NGA,gggi_index,2012,GGGI,rank,110,Sub-Saharan Africa
SEN,gggi_index,2012,GGGI,rank,90,Sub-Saharan Africa
TCD,gggi_index,2012,GGGI,rank,133,Sub-Saharan Africa
BDI,gggi_index,2012,GGGI,score,0.733836201,Sub-Saharan Africa
BEN,gggi_index,2012,GGGI,score,0.625775564,Sub-Saharan Africa
BFA,gggi_index,2012,GGGI,score,0.645519156,Sub-Saharan Africa
BWA,gggi_index,2012,GGGI,score,0.67444132,Sub-Saharan Africa
CIV,gggi_index,2012,GGGI,score,0.578499518,Sub-Saharan Africa
CMR,gggi_index,2012,GGGI,score,0.629109551,Sub-Saharan Africa
CPV,gggi_index,2012,GGGI,score,0.717954005,Sub-Saharan Africa
ETH,gggi_index,2012,GGGI,score,0.619968828,Sub-Saharan Africa
GHA,gggi_index,2012,GGGI,score,0.677782418,Sub-Saharan Africa
GMB,gggi_index,2012,GGGI,score,0.663026001,Sub-Saharan Africa
KEN,gggi_index,2012,GGGI,score,0.676834695,Sub-Saharan Africa
LSO,gggi_index,2012,GGGI,score,0.760836659,Sub-Saharan Africa
MDG,gggi_index,2012,GGGI,score,0.698226167,Sub-Saharan Africa
MLI,gggi_index,2012,GGGI,score,0.584180235,Sub-Saharan Africa
MOZ,gggi_index,2012,GGGI,score,0.73500284,Sub-Saharan Africa
MRT,gggi_index,2012,GGGI,score,0.612925505,Sub-Saharan Africa
MUS,gggi_index,2012,GGGI,score,0.654682008,Sub-Saharan Africa
MWI,gggi_index,2012,GGGI,score,0.716625981,Sub-Saharan Africa
NAM,gggi_index,2012,GGGI,score,0.712144654,Sub-Saharan Africa
NGA,gggi_index,2012,GGGI,score,0.631452539,Sub-Saharan Africa
SEN,gggi_index,2012,GGGI,score,0.665700558,Sub-Saharan Africa
SWZ,gggi_index,2012,GGGI,score,0.6833056,Sub-Saharan Africa
TCD,gggi_index,2012,GGGI,score,0.559420854,Sub-Saharan Africa
AGO,gggi_index,2013,GGGI,rank,92,Sub-Saharan Africa
BDI,gggi_index,2013,GGGI,rank,22,Sub-Saharan Africa
BEN,gggi_index,2013,GGGI,rank,126,Sub-Saharan Africa
BFA,gggi_index,2013,GGGI,rank,103,Sub-Saharan Africa
BWA,gggi_index,2013,GGGI,rank,85,Sub-Saharan Africa
CIV,gggi_index,2013,GGGI,rank,131,Sub-Saharan Africa
CMR,gggi_index,2013,GGGI,rank,100,Sub-Saharan Africa
CPV,gggi_index,2013,GGGI,rank,41,Sub-Saharan Africa
ETH,gggi_index,2013,GGGI,rank,118,Sub-Saharan Africa
GHA,gggi_index,2013,GGGI,rank,76,Sub-Saharan Africa
KEN,gggi_index,2013,GGGI,rank,78,Sub-Saharan Africa
LSO,gggi_index,2013,GGGI,rank,16,Sub-Saharan Africa
MDG,gggi_index,2013,GGGI,rank,56,Sub-Saharan Africa
MLI,gggi_index,2013,GGGI,rank,128,Sub-Saharan Africa
MOZ,gggi_index,2013,GGGI,rank,26,Sub-Saharan Africa
MRT,gggi_index,2013,GGGI,rank,132,Sub-Saharan Africa
MUS,gggi_index,2013,GGGI,rank,98,Sub-Saharan Africa
MWI,gggi_index,2013,GGGI,rank,39,Sub-Saharan Africa
NAM,gggi_index,2013,GGGI,rank,44,Sub-Saharan Africa
NGA,gggi_index,2013,GGGI,rank,106,Sub-Saharan Africa
SEN,gggi_index,2013,GGGI,rank,67,Sub-Saharan Africa
TCD,gggi_index,2013,GGGI,rank,134,Sub-Saharan Africa
AGO,gggi_index,2013,GGGI,score,0.665850997,Sub-Saharan Africa
BDI,gggi_index,2013,GGGI,score,0.739734902,Sub-Saharan Africa
BEN,gggi_index,2013,GGGI,score,0.588511814,Sub-Saharan Africa
BFA,gggi_index,2013,GGGI,score,0.651306658,Sub-Saharan Africa
BWA,gggi_index,2013,GGGI,score,0.67524014,Sub-Saharan Africa
CIV,gggi_index,2013,GGGI,score,0.581387013,Sub-Saharan Africa
CMR,gggi_index,2013,GGGI,score,0.656043464,Sub-Saharan Africa
CPV,gggi_index,2013,GGGI,score,0.712239263,Sub-Saharan Africa
ETH,gggi_index,2013,GGGI,score,0.619845761,Sub-Saharan Africa
GHA,gggi_index,2013,GGGI,score,0.681069246,Sub-Saharan Africa
KEN,gggi_index,2013,GGGI,score,0.680265242,Sub-Saharan Africa
LSO,gggi_index,2013,GGGI,score,0.753045709,Sub-Saharan Africa
MDG,gggi_index,2013,GGGI,score,0.701561658,Sub-Saharan Africa
MLI,gggi_index,2013,GGGI,score,0.587234246,Sub-Saharan Africa
MOZ,gggi_index,2013,GGGI,score,0.734924253,Sub-Saharan Africa
MRT,gggi_index,2013,GGGI,score,0.580983102,Sub-Saharan Africa
MUS,gggi_index,2013,GGGI,score,0.659932593,Sub-Saharan Africa
MWI,gggi_index,2013,GGGI,score,0.713915458,Sub-Saharan Africa
NAM,gggi_index,2013,GGGI,score,0.709441164,Sub-Saharan Africa
NGA,gggi_index,2013,GGGI,score,0.646924506,Sub-Saharan Africa
SEN,gggi_index,2013,GGGI,score,0.69226194,Sub-Saharan Africa
SWZ,gggi_index,2013,GGGI,score,0.6877377,Sub-Saharan Africa
TCD,gggi_index,2013,GGGI,score,0.558841645,Sub-Saharan Africa
ZMB,gggi_index,2024,GGGI,score,0.696882707,Sub-Saharan Africa
ZMB,gggi_index,2024,GGGI,rank,92,Sub-Saharan Africa
UGA,gggi_index,2024,GGGI,score,0.70557556,Sub-Saharan Africa
UGA,gggi_index,2024,GGGI,rank,83,Sub-Saharan Africa
TZA,gggi_index,2024,GGGI,score,0.734333737,Sub-Saharan Africa
TZA,gggi_index,2024,GGGI,rank,54,Sub-Saharan Africa
ZWE,gggi_index,2024,GGGI,score,0.739544817,Sub-Saharan Africa
ZWE,gggi_index,2024,GGGI,rank,52,Sub-Saharan Africa
ZAF,gggi_index,2024,GGGI,score,0.785434317,Sub-Saharan Africa
ZAF,gggi_index,2024,GGGI,rank,18,Sub-Saharan Africa
AGO,gggi_index,2014,GGGI,rank,121,Sub-Saharan Africa
BDI,gggi_index,2014,GGGI,rank,17,Sub-Saharan Africa
BFA,gggi_index,2014,GGGI,rank,110,Sub-Saharan Africa
BWA,gggi_index,2014,GGGI,rank,51,Sub-Saharan Africa
CIV,gggi_index,2014,GGGI,rank,136,Sub-Saharan Africa
CPV,gggi_index,2014,GGGI,rank,50,Sub-Saharan Africa
ETH,gggi_index,2014,GGGI,rank,127,Sub-Saharan Africa
GHA,gggi_index,2014,GGGI,rank,101,Sub-Saharan Africa
GIN,gggi_index,2014,GGGI,rank,132,Sub-Saharan Africa
KEN,gggi_index,2014,GGGI,rank,37,Sub-Saharan Africa
LBR,gggi_index,2014,GGGI,rank,111,Sub-Saharan Africa
LSO,gggi_index,2014,GGGI,rank,38,Sub-Saharan Africa
MDG,gggi_index,2014,GGGI,rank,41,Sub-Saharan Africa
MLI,gggi_index,2014,GGGI,rank,138,Sub-Saharan Africa
MOZ,gggi_index,2014,GGGI,rank,27,Sub-Saharan Africa
MRT,gggi_index,2014,GGGI,rank,131,Sub-Saharan Africa
MUS,gggi_index,2014,GGGI,rank,106,Sub-Saharan Africa
MWI,gggi_index,2014,GGGI,rank,34,Sub-Saharan Africa
NAM,gggi_index,2014,GGGI,rank,40,Sub-Saharan Africa
NGA,gggi_index,2014,GGGI,rank,118,Sub-Saharan Africa
RWA,gggi_index,2014,GGGI,rank,7,Sub-Saharan Africa
SEN,gggi_index,2014,GGGI,rank,77,Sub-Saharan Africa
SWZ,gggi_index,2014,GGGI,rank,92,Sub-Saharan Africa
TCD,gggi_index,2014,GGGI,rank,140,Sub-Saharan Africa
TZA,gggi_index,2006,GGGI,rank,24,Sub-Saharan Africa
UGA,gggi_index,2006,GGGI,rank,47,Sub-Saharan Africa
ZAF,gggi_index,2006,GGGI,rank,18,Sub-Saharan Africa
ZMB,gggi_index,2006,GGGI,rank,85,Sub-Saharan Africa
ZWE,gggi_index,2006,GGGI,rank,76,Sub-Saharan Africa
AGO,gggi_index,2014,GGGI,score,0.631123898,Sub-Saharan Africa
BDI,gggi_index,2014,GGGI,score,0.756511965,Sub-Saharan Africa
BFA,gggi_index,2014,GGGI,score,0.649968444,Sub-Saharan Africa
BWA,gggi_index,2014,GGGI,score,0.712896562,Sub-Saharan Africa
CIV,gggi_index,2014,GGGI,score,0.587371761,Sub-Saharan Africa
CPV,gggi_index,2014,GGGI,score,0.713326163,Sub-Saharan Africa
ETH,gggi_index,2014,GGGI,score,0.614447398,Sub-Saharan Africa
GHA,gggi_index,2014,GGGI,score,0.66605905,Sub-Saharan Africa
GIN,gggi_index,2014,GGGI,score,0.600497565,Sub-Saharan Africa
KEN,gggi_index,2014,GGGI,score,0.725791616,Sub-Saharan Africa
LBR,gggi_index,2014,GGGI,score,0.646064179,Sub-Saharan Africa
LSO,gggi_index,2014,GGGI,score,0.725481589,Sub-Saharan Africa
MDG,gggi_index,2014,GGGI,score,0.721355589,Sub-Saharan Africa
MLI,gggi_index,2014,GGGI,score,0.577870659,Sub-Saharan Africa
MOZ,gggi_index,2014,GGGI,score,0.736951552,Sub-Saharan Africa
MRT,gggi_index,2014,GGGI,score,0.602912434,Sub-Saharan Africa
MUS,gggi_index,2014,GGGI,score,0.654055694,Sub-Saharan Africa
MWI,gggi_index,2014,GGGI,score,0.728116365,Sub-Saharan Africa
NAM,gggi_index,2014,GGGI,score,0.721917316,Sub-Saharan Africa
NGA,gggi_index,2014,GGGI,score,0.639076194,Sub-Saharan Africa
RWA,gggi_index,2014,GGGI,score,0.785390198,Sub-Saharan Africa
SEN,gggi_index,2014,GGGI,score,0.691197199,Sub-Saharan Africa
SWZ,gggi_index,2014,GGGI,score,0.6848611,Sub-Saharan Africa
TCD,gggi_index,2014,GGGI,score,0.576362336,Sub-Saharan Africa
TZA,gggi_index,2006,GGGI,score,0.703782437,Sub-Saharan Africa
UGA,gggi_index,2006,GGGI,score,0.679688394,Sub-Saharan Africa
ZAF,gggi_index,2006,GGGI,score,0.712508352,Sub-Saharan Africa
ZMB,gggi_index,2006,GGGI,score,0.635957985,Sub-Saharan Africa
ZWE,gggi_index,2006,GGGI,score,0.646057709,Sub-Saharan Africa
TZA,gggi_index,2007,GGGI,rank,34,Sub-Saharan Africa
UGA,gggi_index,2007,GGGI,rank,50,Sub-Saharan Africa
ZAF,gggi_index,2007,GGGI,rank,20,Sub-Saharan Africa
ZMB,gggi_index,2007,GGGI,rank,101,Sub-Saharan Africa
ZWE,gggi_index,2007,GGGI,rank,88,Sub-Saharan Africa
TZA,gggi_index,2007,GGGI,score,0.696879968,Sub-Saharan Africa
UGA,gggi_index,2007,GGGI,score,0.6833161,Sub-Saharan Africa
ZAF,gggi_index,2007,GGGI,score,0.719418349,Sub-Saharan Africa
ZMB,gggi_index,2007,GGGI,score,0.628835449,Sub-Saharan Africa
ZWE,gggi_index,2007,GGGI,score,0.646423007,Sub-Saharan Africa
AGO,gggi_index,2015,GGGI,rank,126,Sub-Saharan Africa
BDI,gggi_index,2015,GGGI,rank,23,Sub-Saharan Africa
BEN,gggi_index,2015,GGGI,rank,129,Sub-Saharan Africa
BFA,gggi_index,2015,GGGI,rank,114,Sub-Saharan Africa
BWA,gggi_index,2015,GGGI,rank,55,Sub-Saharan Africa
CIV,gggi_index,2015,GGGI,rank,133,Sub-Saharan Africa
CMR,gggi_index,2015,GGGI,rank,90,Sub-Saharan Africa
CPV,gggi_index,2015,GGGI,rank,50,Sub-Saharan Africa
ETH,gggi_index,2015,GGGI,rank,124,Sub-Saharan Africa
GHA,gggi_index,2015,GGGI,rank,63,Sub-Saharan Africa
GIN,gggi_index,2015,GGGI,rank,131,Sub-Saharan Africa
GMB,gggi_index,2015,GGGI,rank,98,Sub-Saharan Africa
KEN,gggi_index,2015,GGGI,rank,48,Sub-Saharan Africa
LBR,gggi_index,2015,GGGI,rank,112,Sub-Saharan Africa
LSO,gggi_index,2015,GGGI,rank,61,Sub-Saharan Africa
MDG,gggi_index,2015,GGGI,rank,74,Sub-Saharan Africa
MLI,gggi_index,2015,GGGI,rank,137,Sub-Saharan Africa
MOZ,gggi_index,2015,GGGI,rank,27,Sub-Saharan Africa
MRT,gggi_index,2015,GGGI,rank,132,Sub-Saharan Africa
MUS,gggi_index,2015,GGGI,rank,120,Sub-Saharan Africa
MWI,gggi_index,2015,GGGI,rank,68,Sub-Saharan Africa
NAM,gggi_index,2015,GGGI,rank,16,Sub-Saharan Africa
NGA,gggi_index,2015,GGGI,rank,125,Sub-Saharan Africa
RWA,gggi_index,2015,GGGI,rank,6,Sub-Saharan Africa
SEN,gggi_index,2015,GGGI,rank,72,Sub-Saharan Africa
SWZ,gggi_index,2015,GGGI,rank,102,Sub-Saharan Africa
TCD,gggi_index,2015,GGGI,rank,142,Sub-Saharan Africa
TZA,gggi_index,2008,GGGI,rank,38,Sub-Saharan Africa
UGA,gggi_index,2008,GGGI,rank,43,Sub-Saharan Africa
ZAF,gggi_index,2008,GGGI,rank,22,Sub-Saharan Africa
ZMB,gggi_index,2008,GGGI,rank,106,Sub-Saharan Africa
ZWE,gggi_index,2008,GGGI,rank,92,Sub-Saharan Africa
AGO,gggi_index,2015,GGGI,score,0.636514914,Sub-Saharan Africa
BDI,gggi_index,2015,GGGI,score,0.747620651,Sub-Saharan Africa
BEN,gggi_index,2015,GGGI,score,0.62453527,Sub-Saharan Africa
BFA,gggi_index,2015,GGGI,score,0.650729343,Sub-Saharan Africa
BWA,gggi_index,2015,GGGI,score,0.710157196,Sub-Saharan Africa
CIV,gggi_index,2015,GGGI,score,0.606029885,Sub-Saharan Africa
CMR,gggi_index,2015,GGGI,score,0.682136421,Sub-Saharan Africa
CPV,gggi_index,2015,GGGI,score,0.717238862,Sub-Saharan Africa
ETH,gggi_index,2015,GGGI,score,0.639690288,Sub-Saharan Africa
GHA,gggi_index,2015,GGGI,score,0.704268813,Sub-Saharan Africa
GIN,gggi_index,2015,GGGI,score,0.617694397,Sub-Saharan Africa
GMB,gggi_index,2015,GGGI,score,0.673501986,Sub-Saharan Africa
KEN,gggi_index,2015,GGGI,score,0.718726376,Sub-Saharan Africa
LBR,gggi_index,2015,GGGI,score,0.652147215,Sub-Saharan Africa
LSO,gggi_index,2015,GGGI,score,0.705895924,Sub-Saharan Africa
MDG,gggi_index,2015,GGGI,score,0.69776828,Sub-Saharan Africa
MLI,gggi_index,2015,GGGI,score,0.598630375,Sub-Saharan Africa
MOZ,gggi_index,2015,GGGI,score,0.740615795,Sub-Saharan Africa
MRT,gggi_index,2015,GGGI,score,0.613469205,Sub-Saharan Africa
MUS,gggi_index,2015,GGGI,score,0.645624009,Sub-Saharan Africa
MWI,gggi_index,2015,GGGI,score,0.701455006,Sub-Saharan Africa
NAM,gggi_index,2015,GGGI,score,0.760428275,Sub-Saharan Africa
NGA,gggi_index,2015,GGGI,score,0.637905861,Sub-Saharan Africa
RWA,gggi_index,2015,GGGI,score,0.79409394,Sub-Saharan Africa
SEN,gggi_index,2015,GGGI,score,0.698352671,Sub-Saharan Africa
SWZ,gggi_index,2015,GGGI,score,0.6864886,Sub-Saharan Africa
TCD,gggi_index,2015,GGGI,score,0.579563279,Sub-Saharan Africa
TZA,gggi_index,2008,GGGI,score,0.706833003,Sub-Saharan Africa
UGA,gggi_index,2008,GGGI,score,0.698119604,Sub-Saharan Africa
ZAF,gggi_index,2008,GGGI,score,0.723228634,Sub-Saharan Africa
ZMB,gggi_index,2008,GGGI,score,0.620461335,Sub-Saharan Africa
ZWE,gggi_index,2008,GGGI,score,0.648546651,Sub-Saharan Africa
TZA,gggi_index,2009,GGGI,rank,73,Sub-Saharan Africa
UGA,gggi_index,2009,GGGI,rank,40,Sub-Saharan Africa
ZAF,gggi_index,2009,GGGI,rank,6,Sub-Saharan Africa
ZMB,gggi_index,2009,GGGI,rank,107,Sub-Saharan Africa
ZWE,gggi_index,2009,GGGI,rank,95,Sub-Saharan Africa
TZA,gggi_index,2009,GGGI,score,0.679732396,Sub-Saharan Africa
UGA,gggi_index,2009,GGGI,score,0.706678378,Sub-Saharan Africa
ZAF,gggi_index,2009,GGGI,score,0.770936859,Sub-Saharan Africa
ZMB,gggi_index,2009,GGGI,score,0.631019239,Sub-Saharan Africa
ZWE,gggi_index,2009,GGGI,score,0.651790624,Sub-Saharan Africa
AGO,gggi_index,2016,GGGI,rank,117,Sub-Saharan Africa
BDI,gggi_index,2016,GGGI,rank,12,Sub-Saharan Africa
BEN,gggi_index,2016,GGGI,rank,127,Sub-Saharan Africa
BFA,gggi_index,2016,GGGI,rank,123,Sub-Saharan Africa
BWA,gggi_index,2016,GGGI,rank,54,Sub-Saharan Africa
CIV,gggi_index,2016,GGGI,rank,136,Sub-Saharan Africa
CMR,gggi_index,2016,GGGI,rank,85,Sub-Saharan Africa
CPV,gggi_index,2016,GGGI,rank,36,Sub-Saharan Africa
ETH,gggi_index,2016,GGGI,rank,109,Sub-Saharan Africa
GHA,gggi_index,2016,GGGI,rank,59,Sub-Saharan Africa
GIN,gggi_index,2016,GGGI,rank,122,Sub-Saharan Africa
GMB,gggi_index,2016,GGGI,rank,104,Sub-Saharan Africa
KEN,gggi_index,2016,GGGI,rank,63,Sub-Saharan Africa
LBR,gggi_index,2016,GGGI,rank,114,Sub-Saharan Africa
LSO,gggi_index,2016,GGGI,rank,57,Sub-Saharan Africa
MDG,gggi_index,2016,GGGI,rank,60,Sub-Saharan Africa
MLI,gggi_index,2016,GGGI,rank,138,Sub-Saharan Africa
MOZ,gggi_index,2016,GGGI,rank,21,Sub-Saharan Africa
MRT,gggi_index,2016,GGGI,rank,129,Sub-Saharan Africa
MUS,gggi_index,2016,GGGI,rank,113,Sub-Saharan Africa
MWI,gggi_index,2016,GGGI,rank,67,Sub-Saharan Africa
NAM,gggi_index,2016,GGGI,rank,14,Sub-Saharan Africa
NGA,gggi_index,2016,GGGI,rank,118,Sub-Saharan Africa
RWA,gggi_index,2016,GGGI,rank,5,Sub-Saharan Africa
SEN,gggi_index,2016,GGGI,rank,82,Sub-Saharan Africa
SWZ,gggi_index,2016,GGGI,rank,107,Sub-Saharan Africa
TCD,gggi_index,2016,GGGI,rank,140,Sub-Saharan Africa
TZA,gggi_index,2010,GGGI,rank,66,Sub-Saharan Africa
UGA,gggi_index,2010,GGGI,rank,33,Sub-Saharan Africa
ZAF,gggi_index,2010,GGGI,rank,12,Sub-Saharan Africa
ZMB,gggi_index,2010,GGGI,rank,106,Sub-Saharan Africa
ZWE,gggi_index,2010,GGGI,rank,92,Sub-Saharan Africa
AGO,gggi_index,2016,GGGI,score,0.64324886,Sub-Saharan Africa
BDI,gggi_index,2016,GGGI,score,0.76752193,Sub-Saharan Africa
BEN,gggi_index,2016,GGGI,score,0.635570186,Sub-Saharan Africa
BFA,gggi_index,2016,GGGI,score,0.639605185,Sub-Saharan Africa
BWA,gggi_index,2016,GGGI,score,0.714995454,Sub-Saharan Africa
CIV,gggi_index,2016,GGGI,score,0.596992665,Sub-Saharan Africa
CMR,gggi_index,2016,GGGI,score,0.68406598,Sub-Saharan Africa
CPV,gggi_index,2016,GGGI,score,0.729170294,Sub-Saharan Africa
ETH,gggi_index,2016,GGGI,score,0.66209591,Sub-Saharan Africa
GHA,gggi_index,2016,GGGI,score,0.705311814,Sub-Saharan Africa
GIN,gggi_index,2016,GGGI,score,0.639948184,Sub-Saharan Africa
GMB,gggi_index,2016,GGGI,score,0.667207412,Sub-Saharan Africa
KEN,gggi_index,2016,GGGI,score,0.70188747,Sub-Saharan Africa
LBR,gggi_index,2016,GGGI,score,0.651843931,Sub-Saharan Africa
LSO,gggi_index,2016,GGGI,score,0.705897292,Sub-Saharan Africa
MDG,gggi_index,2016,GGGI,score,0.70427358,Sub-Saharan Africa
MLI,gggi_index,2016,GGGI,score,0.5905165,Sub-Saharan Africa
MOZ,gggi_index,2016,GGGI,score,0.749589253,Sub-Saharan Africa
MRT,gggi_index,2016,GGGI,score,0.623778225,Sub-Saharan Africa
MUS,gggi_index,2016,GGGI,score,0.651974171,Sub-Saharan Africa
MWI,gggi_index,2016,GGGI,score,0.699963413,Sub-Saharan Africa
NAM,gggi_index,2016,GGGI,score,0.764551538,Sub-Saharan Africa
NGA,gggi_index,2016,GGGI,score,0.642870264,Sub-Saharan Africa
RWA,gggi_index,2016,GGGI,score,0.799810858,Sub-Saharan Africa
SEN,gggi_index,2016,GGGI,score,0.685122894,Sub-Saharan Africa
SWZ,gggi_index,2016,GGGI,score,0.6818115,Sub-Saharan Africa
TCD,gggi_index,2016,GGGI,score,0.586692753,Sub-Saharan Africa
TZA,gggi_index,2010,GGGI,score,0.682933679,Sub-Saharan Africa
UGA,gggi_index,2010,GGGI,score,0.716871475,Sub-Saharan Africa
ZAF,gggi_index,2010,GGGI,score,0.753472569,Sub-Saharan Africa
ZMB,gggi_index,2010,GGGI,score,0.629310953,Sub-Saharan Africa
ZWE,gggi_index,2010,GGGI,score,0.657424302,Sub-Saharan Africa
TZA,gggi_index,2011,GGGI,rank,59,Sub-Saharan Africa
UGA,gggi_index,2011,GGGI,rank,29,Sub-Saharan Africa
ZAF,gggi_index,2011,GGGI,rank,14,Sub-Saharan Africa
ZMB,gggi_index,2011,GGGI,rank,106,Sub-Saharan Africa
ZWE,gggi_index,2011,GGGI,rank,88,Sub-Saharan Africa
TZA,gggi_index,2011,GGGI,score,0.690376137,Sub-Saharan Africa
UGA,gggi_index,2011,GGGI,score,0.722001991,Sub-Saharan Africa
ZAF,gggi_index,2011,GGGI,score,0.747837075,Sub-Saharan Africa
ZMB,gggi_index,2011,GGGI,score,0.629973305,Sub-Saharan Africa
ZWE,gggi_index,2011,GGGI,score,0.660722602,Sub-Saharan Africa
AGO,gggi_index,2017,GGGI,rank,123,Sub-Saharan Africa
BDI,gggi_index,2017,GGGI,rank,22,Sub-Saharan Africa
BEN,gggi_index,2017,GGGI,rank,116,Sub-Saharan Africa
BFA,gggi_index,2017,GGGI,rank,121,Sub-Saharan Africa
BWA,gggi_index,2017,GGGI,rank,46,Sub-Saharan Africa
CIV,gggi_index,2017,GGGI,rank,133,Sub-Saharan Africa
CMR,gggi_index,2017,GGGI,rank,87,Sub-Saharan Africa
CPV,gggi_index,2017,GGGI,rank,89,Sub-Saharan Africa
ETH,gggi_index,2017,GGGI,rank,115,Sub-Saharan Africa
GHA,gggi_index,2017,GGGI,rank,72,Sub-Saharan Africa
GIN,gggi_index,2017,GGGI,rank,113,Sub-Saharan Africa
GMB,gggi_index,2017,GGGI,rank,119,Sub-Saharan Africa
KEN,gggi_index,2017,GGGI,rank,76,Sub-Saharan Africa
LBR,gggi_index,2017,GGGI,rank,107,Sub-Saharan Africa
LSO,gggi_index,2017,GGGI,rank,73,Sub-Saharan Africa
MDG,gggi_index,2017,GGGI,rank,80,Sub-Saharan Africa
MLI,gggi_index,2017,GGGI,rank,139,Sub-Saharan Africa
MOZ,gggi_index,2017,GGGI,rank,29,Sub-Saharan Africa
MRT,gggi_index,2017,GGGI,rank,132,Sub-Saharan Africa
MUS,gggi_index,2017,GGGI,rank,112,Sub-Saharan Africa
MWI,gggi_index,2017,GGGI,rank,101,Sub-Saharan Africa
NAM,gggi_index,2017,GGGI,rank,13,Sub-Saharan Africa
NGA,gggi_index,2017,GGGI,rank,122,Sub-Saharan Africa
RWA,gggi_index,2017,GGGI,rank,4,Sub-Saharan Africa
SEN,gggi_index,2017,GGGI,rank,91,Sub-Saharan Africa
SWZ,gggi_index,2017,GGGI,rank,105,Sub-Saharan Africa
TCD,gggi_index,2017,GGGI,rank,141,Sub-Saharan Africa
TZA,gggi_index,2012,GGGI,rank,46,Sub-Saharan Africa
UGA,gggi_index,2012,GGGI,rank,28,Sub-Saharan Africa
ZAF,gggi_index,2012,GGGI,rank,16,Sub-Saharan Africa
ZMB,gggi_index,2012,GGGI,rank,114,Sub-Saharan Africa
AGO,gggi_index,2017,GGGI,score,0.640173459,Sub-Saharan Africa
BDI,gggi_index,2017,GGGI,score,0.755348183,Sub-Saharan Africa
BEN,gggi_index,2017,GGGI,score,0.651907344,Sub-Saharan Africa
BFA,gggi_index,2017,GGGI,score,0.64587884,Sub-Saharan Africa
BWA,gggi_index,2017,GGGI,score,0.719776038,Sub-Saharan Africa
CIV,gggi_index,2017,GGGI,score,0.611378827,Sub-Saharan Africa
CMR,gggi_index,2017,GGGI,score,0.688792877,Sub-Saharan Africa
CPV,gggi_index,2017,GGGI,score,0.685590235,Sub-Saharan Africa
ETH,gggi_index,2017,GGGI,score,0.656294848,Sub-Saharan Africa
GHA,gggi_index,2017,GGGI,score,0.695302314,Sub-Saharan Africa
GIN,gggi_index,2017,GGGI,score,0.659456142,Sub-Saharan Africa
GMB,gggi_index,2017,GGGI,score,0.649318327,Sub-Saharan Africa
KEN,gggi_index,2017,GGGI,score,0.693820756,Sub-Saharan Africa
LBR,gggi_index,2017,GGGI,score,0.668970778,Sub-Saharan Africa
LSO,gggi_index,2017,GGGI,score,0.695244652,Sub-Saharan Africa
MDG,gggi_index,2017,GGGI,score,0.691770636,Sub-Saharan Africa
MLI,gggi_index,2017,GGGI,score,0.58313874,Sub-Saharan Africa
MOZ,gggi_index,2017,GGGI,score,0.740656387,Sub-Saharan Africa
MRT,gggi_index,2017,GGGI,score,0.613517145,Sub-Saharan Africa
MUS,gggi_index,2017,GGGI,score,0.664008851,Sub-Saharan Africa
MWI,gggi_index,2017,GGGI,score,0.672231172,Sub-Saharan Africa
NAM,gggi_index,2017,GGGI,score,0.777184321,Sub-Saharan Africa
NGA,gggi_index,2017,GGGI,score,0.641070676,Sub-Saharan Africa
RWA,gggi_index,2017,GGGI,score,0.822413946,Sub-Saharan Africa
SEN,gggi_index,2017,GGGI,score,0.683838473,Sub-Saharan Africa
SWZ,gggi_index,2017,GGGI,score,0.6817255,Sub-Saharan Africa
TCD,gggi_index,2017,GGGI,score,0.575022069,Sub-Saharan Africa
TZA,gggi_index,2012,GGGI,score,0.70908138,Sub-Saharan Africa
UGA,gggi_index,2012,GGGI,score,0.722796854,Sub-Saharan Africa
ZAF,gggi_index,2012,GGGI,score,0.749589636,Sub-Saharan Africa
ZMB,gggi_index,2012,GGGI,score,0.627937655,Sub-Saharan Africa
TZA,gggi_index,2013,GGGI,rank,66,Sub-Saharan Africa
UGA,gggi_index,2013,GGGI,rank,46,Sub-Saharan Africa
ZAF,gggi_index,2013,GGGI,rank,17,Sub-Saharan Africa
ZMB,gggi_index,2013,GGGI,rank,113,Sub-Saharan Africa
TZA,gggi_index,2013,GGGI,score,0.692756946,Sub-Saharan Africa
UGA,gggi_index,2013,GGGI,score,0.708620592,Sub-Saharan Africa
ZAF,gggi_index,2013,GGGI,score,0.751040138,Sub-Saharan Africa
ZMB,gggi_index,2013,GGGI,score,0.631203712,Sub-Saharan Africa
AGO,gggi_index,2018,GGGI,rank,125,Sub-Saharan Africa
BDI,gggi_index,2018,GGGI,rank,31,Sub-Saharan Africa
BEN,gggi_index,2018,GGGI,rank,118,Sub-Saharan Africa
BFA,gggi_index,2018,GGGI,rank,129,Sub-Saharan Africa
BWA,gggi_index,2018,GGGI,rank,55,Sub-Saharan Africa
CIV,gggi_index,2018,GGGI,rank,131,Sub-Saharan Africa
CMR,gggi_index,2018,GGGI,rank,57,Sub-Saharan Africa
COD,gggi_index,2018,GGGI,rank,144,Sub-Saharan Africa
CPV,gggi_index,2018,GGGI,rank,72,Sub-Saharan Africa
ETH,gggi_index,2018,GGGI,rank,117,Sub-Saharan Africa
GHA,gggi_index,2018,GGGI,rank,89,Sub-Saharan Africa
GIN,gggi_index,2018,GGGI,rank,116,Sub-Saharan Africa
GMB,gggi_index,2018,GGGI,rank,120,Sub-Saharan Africa
KEN,gggi_index,2018,GGGI,rank,76,Sub-Saharan Africa
LBR,gggi_index,2018,GGGI,rank,96,Sub-Saharan Africa
LSO,gggi_index,2018,GGGI,rank,81,Sub-Saharan Africa
MDG,gggi_index,2018,GGGI,rank,84,Sub-Saharan Africa
MLI,gggi_index,2018,GGGI,rank,143,Sub-Saharan Africa
MOZ,gggi_index,2018,GGGI,rank,49,Sub-Saharan Africa
MRT,gggi_index,2018,GGGI,rank,136,Sub-Saharan Africa
MUS,gggi_index,2018,GGGI,rank,109,Sub-Saharan Africa
MWI,gggi_index,2018,GGGI,rank,112,Sub-Saharan Africa
NAM,gggi_index,2018,GGGI,rank,10,Sub-Saharan Africa
NGA,gggi_index,2018,GGGI,rank,133,Sub-Saharan Africa
RWA,gggi_index,2018,GGGI,rank,6,Sub-Saharan Africa
SEN,gggi_index,2018,GGGI,rank,94,Sub-Saharan Africa
SLE,gggi_index,2018,GGGI,rank,114,Sub-Saharan Africa
SWZ,gggi_index,2018,GGGI,rank,80,Sub-Saharan Africa
TCD,gggi_index,2018,GGGI,rank,145,Sub-Saharan Africa
TGO,gggi_index,2018,GGGI,rank,134,Sub-Saharan Africa
TZA,gggi_index,2014,GGGI,rank,47,Sub-Saharan Africa
UGA,gggi_index,2014,GGGI,rank,88,Sub-Saharan Africa
ZAF,gggi_index,2014,GGGI,rank,18,Sub-Saharan Africa
ZMB,gggi_index,2014,GGGI,rank,119,Sub-Saharan Africa
ZWE,gggi_index,2014,GGGI,rank,63,Sub-Saharan Africa
AGO,gggi_index,2018,GGGI,score,0.633221898,Sub-Saharan Africa
BDI,gggi_index,2018,GGGI,score,0.74057247,Sub-Saharan Africa
BEN,gggi_index,2018,GGGI,score,0.654353437,Sub-Saharan Africa
BFA,gggi_index,2018,GGGI,score,0.628791216,Sub-Saharan Africa
BWA,gggi_index,2018,GGGI,score,0.715033896,Sub-Saharan Africa
CIV,gggi_index,2018,GGGI,score,0.627069098,Sub-Saharan Africa
CMR,gggi_index,2018,GGGI,score,0.713672164,Sub-Saharan Africa
COD,gggi_index,2018,GGGI,score,0.58158969,Sub-Saharan Africa
CPV,gggi_index,2018,GGGI,score,0.702009086,Sub-Saharan Africa
ETH,gggi_index,2018,GGGI,score,0.656171144,Sub-Saharan Africa
GHA,gggi_index,2018,GGGI,score,0.688284074,Sub-Saharan Africa
GIN,gggi_index,2018,GGGI,score,0.656448368,Sub-Saharan Africa
GMB,gggi_index,2018,GGGI,score,0.642450073,Sub-Saharan Africa
KEN,gggi_index,2018,GGGI,score,0.700430977,Sub-Saharan Africa
LBR,gggi_index,2018,GGGI,score,0.681145449,Sub-Saharan Africa
LSO,gggi_index,2018,GGGI,score,0.693236131,Sub-Saharan Africa
MDG,gggi_index,2018,GGGI,score,0.69144068,Sub-Saharan Africa
MLI,gggi_index,2018,GGGI,score,0.582262315,Sub-Saharan Africa
MOZ,gggi_index,2018,GGGI,score,0.720895496,Sub-Saharan Africa
MRT,gggi_index,2018,GGGI,score,0.607050613,Sub-Saharan Africa
MUS,gggi_index,2018,GGGI,score,0.663279847,Sub-Saharan Africa
MWI,gggi_index,2018,GGGI,score,0.662121933,Sub-Saharan Africa
NAM,gggi_index,2018,GGGI,score,0.789116418,Sub-Saharan Africa
NGA,gggi_index,2018,GGGI,score,0.620693323,Sub-Saharan Africa
RWA,gggi_index,2018,GGGI,score,0.803991082,Sub-Saharan Africa
SEN,gggi_index,2018,GGGI,score,0.681998825,Sub-Saharan Africa
SLE,gggi_index,2018,GGGI,score,0.660858432,Sub-Saharan Africa
SWZ,gggi_index,2018,GGGI,score,0.693922336,Sub-Saharan Africa
TCD,gggi_index,2018,GGGI,score,0.580021685,Sub-Saharan Africa
TGO,gggi_index,2018,GGGI,score,0.618377216,Sub-Saharan Africa
TZA,gggi_index,2014,GGGI,score,0.718203379,Sub-Saharan Africa
UGA,gggi_index,2014,GGGI,score,0.682122009,Sub-Saharan Africa
ZAF,gggi_index,2014,GGGI,score,0.75267026,Sub-Saharan Africa
ZMB,gggi_index,2014,GGGI,score,0.63641402,Sub-Saharan Africa
ZWE,gggi_index,2014,GGGI,score,0.701340764,Sub-Saharan Africa
TZA,gggi_index,2015,GGGI,rank,49,Sub-Saharan Africa
UGA,gggi_index,2015,GGGI,rank,58,Sub-Saharan Africa
ZAF,gggi_index,2015,GGGI,rank,17,Sub-Saharan Africa
ZMB,gggi_index,2015,GGGI,rank,116,Sub-Saharan Africa
ZWE,gggi_index,2015,GGGI,rank,57,Sub-Saharan Africa
TZA,gggi_index,2015,GGGI,score,0.718275952,Sub-Saharan Africa
UGA,gggi_index,2015,GGGI,score,0.708225508,Sub-Saharan Africa
ZAF,gggi_index,2015,GGGI,score,0.759240529,Sub-Saharan Africa
ZMB,gggi_index,2015,GGGI,score,0.649864004,Sub-Saharan Africa
ZWE,gggi_index,2015,GGGI,score,0.708787899,Sub-Saharan Africa
AGO,gggi_index,2019,GGGI,rank,118,Sub-Saharan Africa
BDI,gggi_index,2019,GGGI,rank,32,Sub-Saharan Africa
BEN,gggi_index,2019,GGGI,rank,119,Sub-Saharan Africa
BFA,gggi_index,2019,GGGI,rank,129,Sub-Saharan Africa
BWA,gggi_index,2019,GGGI,rank,73,Sub-Saharan Africa
CIV,gggi_index,2019,GGGI,rank,142,Sub-Saharan Africa
CMR,gggi_index,2019,GGGI,rank,96,Sub-Saharan Africa
COD,gggi_index,2019,GGGI,rank,149,Sub-Saharan Africa
CPV,gggi_index,2019,GGGI,rank,52,Sub-Saharan Africa
ETH,gggi_index,2019,GGGI,rank,82,Sub-Saharan Africa
GHA,gggi_index,2019,GGGI,rank,107,Sub-Saharan Africa
GIN,gggi_index,2019,GGGI,rank,125,Sub-Saharan Africa
GMB,gggi_index,2019,GGGI,rank,136,Sub-Saharan Africa
KEN,gggi_index,2019,GGGI,rank,109,Sub-Saharan Africa
LBR,gggi_index,2019,GGGI,rank,97,Sub-Saharan Africa
LSO,gggi_index,2019,GGGI,rank,88,Sub-Saharan Africa
MDG,gggi_index,2019,GGGI,rank,62,Sub-Saharan Africa
MLI,gggi_index,2019,GGGI,rank,139,Sub-Saharan Africa
MOZ,gggi_index,2019,GGGI,rank,56,Sub-Saharan Africa
MRT,gggi_index,2019,GGGI,rank,141,Sub-Saharan Africa
MUS,gggi_index,2019,GGGI,rank,115,Sub-Saharan Africa
MWI,gggi_index,2019,GGGI,rank,116,Sub-Saharan Africa
NAM,gggi_index,2019,GGGI,rank,12,Sub-Saharan Africa
NGA,gggi_index,2019,GGGI,rank,128,Sub-Saharan Africa
RWA,gggi_index,2019,GGGI,rank,9,Sub-Saharan Africa
SEN,gggi_index,2019,GGGI,rank,99,Sub-Saharan Africa
SLE,gggi_index,2019,GGGI,rank,111,Sub-Saharan Africa
SWZ,gggi_index,2019,GGGI,rank,83,Sub-Saharan Africa
TCD,gggi_index,2019,GGGI,rank,147,Sub-Saharan Africa
TGO,gggi_index,2019,GGGI,rank,140,Sub-Saharan Africa
TZA,gggi_index,2016,GGGI,rank,53,Sub-Saharan Africa
UGA,gggi_index,2016,GGGI,rank,61,Sub-Saharan Africa
ZAF,gggi_index,2016,GGGI,rank,15,Sub-Saharan Africa
ZWE,gggi_index,2016,GGGI,rank,56,Sub-Saharan Africa
AGO,gggi_index,2019,GGGI,score,0.660326217,Sub-Saharan Africa
BDI,gggi_index,2019,GGGI,score,0.744979479,Sub-Saharan Africa
BEN,gggi_index,2019,GGGI,score,0.657641253,Sub-Saharan Africa
BFA,gggi_index,2019,GGGI,score,0.634852075,Sub-Saharan Africa
BWA,gggi_index,2019,GGGI,score,0.709315256,Sub-Saharan Africa
CIV,gggi_index,2019,GGGI,score,0.606265702,Sub-Saharan Africa
CMR,gggi_index,2019,GGGI,score,0.685966048,Sub-Saharan Africa
COD,gggi_index,2019,GGGI,score,0.578182672,Sub-Saharan Africa
CPV,gggi_index,2019,GGGI,score,0.724847289,Sub-Saharan Africa
ETH,gggi_index,2019,GGGI,score,0.705165363,Sub-Saharan Africa
GHA,gggi_index,2019,GGGI,score,0.672601661,Sub-Saharan Africa
GIN,gggi_index,2019,GGGI,score,0.642260149,Sub-Saharan Africa
GMB,gggi_index,2019,GGGI,score,0.627913751,Sub-Saharan Africa
KEN,gggi_index,2019,GGGI,score,0.671149125,Sub-Saharan Africa
LBR,gggi_index,2019,GGGI,score,0.6848889,Sub-Saharan Africa
LSO,gggi_index,2019,GGGI,score,0.694653572,Sub-Saharan Africa
MDG,gggi_index,2019,GGGI,score,0.718594558,Sub-Saharan Africa
MLI,gggi_index,2019,GGGI,score,0.620935488,Sub-Saharan Africa
MOZ,gggi_index,2019,GGGI,score,0.723463784,Sub-Saharan Africa
MRT,gggi_index,2019,GGGI,score,0.613500221,Sub-Saharan Africa
MUS,gggi_index,2019,GGGI,score,0.665222932,Sub-Saharan Africa
MWI,gggi_index,2019,GGGI,score,0.664016021,Sub-Saharan Africa
NAM,gggi_index,2019,GGGI,score,0.78411117,Sub-Saharan Africa
NGA,gggi_index,2019,GGGI,score,0.635271775,Sub-Saharan Africa
RWA,gggi_index,2019,GGGI,score,0.791121874,Sub-Saharan Africa
SEN,gggi_index,2019,GGGI,score,0.683909868,Sub-Saharan Africa
SLE,gggi_index,2019,GGGI,score,0.667713621,Sub-Saharan Africa
SWZ,gggi_index,2019,GGGI,score,0.703077157,Sub-Saharan Africa
TCD,gggi_index,2019,GGGI,score,0.59567437,Sub-Saharan Africa
TGO,gggi_index,2019,GGGI,score,0.615253252,Sub-Saharan Africa
TZA,gggi_index,2016,GGGI,score,0.71572599,Sub-Saharan Africa
UGA,gggi_index,2016,GGGI,score,0.703670066,Sub-Saharan Africa
ZAF,gggi_index,2016,GGGI,score,0.763928749,Sub-Saharan Africa
ZWE,gggi_index,2016,GGGI,score,0.710286081,Sub-Saharan Africa
TZA,gggi_index,2017,GGGI,rank,68,Sub-Saharan Africa
UGA,gggi_index,2017,GGGI,rank,45,Sub-Saharan Africa
ZAF,gggi_index,2017,GGGI,rank,19,Sub-Saharan Africa
ZWE,gggi_index,2017,GGGI,rank,50,Sub-Saharan Africa
TZA,gggi_index,2017,GGGI,score,0.699930071,Sub-Saharan Africa
UGA,gggi_index,2017,GGGI,score,0.720797173,Sub-Saharan Africa
ZAF,gggi_index,2017,GGGI,score,0.75582861,Sub-Saharan Africa
ZWE,gggi_index,2017,GGGI,score,0.717301344,Sub-Saharan Africa
AGO,gggi_index,2021,GGGI,rank,119,Sub-Saharan Africa
BDI,gggi_index,2021,GGGI,rank,26,Sub-Saharan Africa
BEN,gggi_index,2021,GGGI,rank,123,Sub-Saharan Africa
BFA,gggi_index,2021,GGGI,rank,124,Sub-Saharan Africa
BWA,gggi_index,2021,GGGI,rank,71,Sub-Saharan Africa
CIV,gggi_index,2021,GGGI,rank,134,Sub-Saharan Africa
CMR,gggi_index,2021,GGGI,rank,96,Sub-Saharan Africa
COD,gggi_index,2021,GGGI,rank,151,Sub-Saharan Africa
CPV,gggi_index,2021,GGGI,rank,68,Sub-Saharan Africa
ETH,gggi_index,2021,GGGI,rank,97,Sub-Saharan Africa
GHA,gggi_index,2021,GGGI,rank,117,Sub-Saharan Africa
GIN,gggi_index,2021,GGGI,rank,118,Sub-Saharan Africa
GMB,gggi_index,2021,GGGI,rank,127,Sub-Saharan Africa
KEN,gggi_index,2021,GGGI,rank,95,Sub-Saharan Africa
LBR,gggi_index,2021,GGGI,rank,94,Sub-Saharan Africa
LSO,gggi_index,2021,GGGI,rank,92,Sub-Saharan Africa
MDG,gggi_index,2021,GGGI,rank,57,Sub-Saharan Africa
MLI,gggi_index,2021,GGGI,rank,149,Sub-Saharan Africa
MOZ,gggi_index,2021,GGGI,rank,32,Sub-Saharan Africa
MRT,gggi_index,2021,GGGI,rank,146,Sub-Saharan Africa
MUS,gggi_index,2021,GGGI,rank,110,Sub-Saharan Africa
MWI,gggi_index,2021,GGGI,rank,115,Sub-Saharan Africa
NAM,gggi_index,2021,GGGI,rank,6,Sub-Saharan Africa
NER,gggi_index,2021,GGGI,rank,138,Sub-Saharan Africa
NGA,gggi_index,2021,GGGI,rank,139,Sub-Saharan Africa
RWA,gggi_index,2021,GGGI,rank,7,Sub-Saharan Africa
SEN,gggi_index,2021,GGGI,rank,104,Sub-Saharan Africa
SLE,gggi_index,2021,GGGI,rank,121,Sub-Saharan Africa
SWZ,gggi_index,2021,GGGI,rank,52,Sub-Saharan Africa
TCD,gggi_index,2021,GGGI,rank,148,Sub-Saharan Africa
TGO,gggi_index,2021,GGGI,rank,105,Sub-Saharan Africa
TZA,gggi_index,2018,GGGI,rank,71,Sub-Saharan Africa
UGA,gggi_index,2018,GGGI,rank,43,Sub-Saharan Africa
ZAF,gggi_index,2018,GGGI,rank,19,Sub-Saharan Africa
ZWE,gggi_index,2018,GGGI,rank,47,Sub-Saharan Africa
AGO,gggi_index,2021,GGGI,score,0.656589556,Sub-Saharan Africa
BDI,gggi_index,2021,GGGI,score,0.768849424,Sub-Saharan Africa
BEN,gggi_index,2021,GGGI,score,0.653149244,Sub-Saharan Africa
BFA,gggi_index,2021,GGGI,score,0.651347922,Sub-Saharan Africa
BWA,gggi_index,2021,GGGI,score,0.715720828,Sub-Saharan Africa
CIV,gggi_index,2021,GGGI,score,0.636729725,Sub-Saharan Africa
CMR,gggi_index,2021,GGGI,score,0.691797348,Sub-Saharan Africa
COD,gggi_index,2021,GGGI,score,0.576100636,Sub-Saharan Africa
CPV,gggi_index,2021,GGGI,score,0.716014558,Sub-Saharan Africa
ETH,gggi_index,2021,GGGI,score,0.690636304,Sub-Saharan Africa
GHA,gggi_index,2021,GGGI,score,0.665563514,Sub-Saharan Africa
GIN,gggi_index,2021,GGGI,score,0.66035597,Sub-Saharan Africa
GMB,gggi_index,2021,GGGI,score,0.644371888,Sub-Saharan Africa
KEN,gggi_index,2021,GGGI,score,0.69237536,Sub-Saharan Africa
LBR,gggi_index,2021,GGGI,score,0.693064726,Sub-Saharan Africa
LSO,gggi_index,2021,GGGI,score,0.697772966,Sub-Saharan Africa
MDG,gggi_index,2021,GGGI,score,0.725208107,Sub-Saharan Africa
MLI,gggi_index,2021,GGGI,score,0.590893631,Sub-Saharan Africa
MOZ,gggi_index,2021,GGGI,score,0.7581607,Sub-Saharan Africa
MRT,gggi_index,2021,GGGI,score,0.605881534,Sub-Saharan Africa
MUS,gggi_index,2021,GGGI,score,0.678850564,Sub-Saharan Africa
MWI,gggi_index,2021,GGGI,score,0.670521986,Sub-Saharan Africa
NAM,gggi_index,2021,GGGI,score,0.808912137,Sub-Saharan Africa
NER,gggi_index,2021,GGGI,score,0.629453056,Sub-Saharan Africa
NGA,gggi_index,2021,GGGI,score,0.62686193,Sub-Saharan Africa
RWA,gggi_index,2021,GGGI,score,0.80495388,Sub-Saharan Africa
SEN,gggi_index,2021,GGGI,score,0.683906535,Sub-Saharan Africa
SLE,gggi_index,2021,GGGI,score,0.655311734,Sub-Saharan Africa
SWZ,gggi_index,2021,GGGI,score,0.728931979,Sub-Saharan Africa
TCD,gggi_index,2021,GGGI,score,0.592771072,Sub-Saharan Africa
TGO,gggi_index,2021,GGGI,score,0.683145372,Sub-Saharan Africa
TZA,gggi_index,2018,GGGI,score,0.704489013,Sub-Saharan Africa
UGA,gggi_index,2018,GGGI,score,0.724345535,Sub-Saharan Africa
ZAF,gggi_index,2018,GGGI,score,0.755162366,Sub-Saharan Africa
ZWE,gggi_index,2018,GGGI,score,0.721450541,Sub-Saharan Africa
AGO,gggi_index,2022,GGGI,rank,125,Sub-Saharan Africa
AGO,gggi_index,2022,GGGI,score,0.637938091,Sub-Saharan Africa
BDI,gggi_index,2022,GGGI,rank,24,Sub-Saharan Africa
BDI,gggi_index,2022,GGGI,score,0.77657098,Sub-Saharan Africa
BEN,gggi_index,2022,GGGI,rank,138,Sub-Saharan Africa
BEN,gggi_index,2022,GGGI,score,0.61211506,Sub-Saharan Africa
BFA,gggi_index,2022,GGGI,rank,115,Sub-Saharan Africa
BFA,gggi_index,2022,GGGI,score,0.659257763,Sub-Saharan Africa
BWA,gggi_index,2022,GGGI,rank,66,Sub-Saharan Africa
BWA,gggi_index,2022,GGGI,score,0.718675269,Sub-Saharan Africa
CIV,gggi_index,2022,GGGI,rank,133,Sub-Saharan Africa
CIV,gggi_index,2022,GGGI,score,0.631591761,Sub-Saharan Africa
CMR,gggi_index,2022,GGGI,rank,97,Sub-Saharan Africa
CMR,gggi_index,2022,GGGI,score,0.691620841,Sub-Saharan Africa
COD,gggi_index,2022,GGGI,rank,144,Sub-Saharan Africa
COD,gggi_index,2022,GGGI,score,0.57520019,Sub-Saharan Africa
COM,gggi_index,2022,GGGI,rank,134,Sub-Saharan Africa
COM,gggi_index,2022,GGGI,score,0.630900663,Sub-Saharan Africa
CPV,gggi_index,2022,GGGI,rank,45,Sub-Saharan Africa
CPV,gggi_index,2022,GGGI,score,0.736312907,Sub-Saharan Africa
ETH,gggi_index,2022,GGGI,rank,74,Sub-Saharan Africa
ETH,gggi_index,2022,GGGI,score,0.710124039,Sub-Saharan Africa
GHA,gggi_index,2022,GGGI,rank,108,Sub-Saharan Africa
GHA,gggi_index,2022,GGGI,score,0.672275964,Sub-Saharan Africa
GIN,gggi_index,2022,GGGI,rank,118,Sub-Saharan Africa
GIN,gggi_index,2022,GGGI,score,0.647496608,Sub-Saharan Africa
GMB,gggi_index,2022,GGGI,rank,121,Sub-Saharan Africa
GMB,gggi_index,2022,GGGI,score,0.640740522,Sub-Saharan Africa
KEN,gggi_index,2022,GGGI,rank,57,Sub-Saharan Africa
KEN,gggi_index,2022,GGGI,score,0.72927419,Sub-Saharan Africa
LBR,gggi_index,2022,GGGI,rank,78,Sub-Saharan Africa
LBR,gggi_index,2022,GGGI,score,0.7090574,Sub-Saharan Africa
LSO,gggi_index,2022,GGGI,rank,87,Sub-Saharan Africa
LSO,gggi_index,2022,GGGI,score,0.699933711,Sub-Saharan Africa
MDG,gggi_index,2022,GGGI,rank,48,Sub-Saharan Africa
MDG,gggi_index,2022,GGGI,score,0.734756732,Sub-Saharan Africa
MLI,gggi_index,2022,GGGI,rank,141,Sub-Saharan Africa
MLI,gggi_index,2022,GGGI,score,0.60112582,Sub-Saharan Africa
MOZ,gggi_index,2022,GGGI,rank,34,Sub-Saharan Africa
MOZ,gggi_index,2022,GGGI,score,0.75212388,Sub-Saharan Africa
MUS,gggi_index,2022,GGGI,rank,105,Sub-Saharan Africa
MUS,gggi_index,2022,GGGI,score,0.678842582,Sub-Saharan Africa
MWI,gggi_index,2022,GGGI,rank,132,Sub-Saharan Africa
MWI,gggi_index,2022,GGGI,score,0.631694124,Sub-Saharan Africa
NAM,gggi_index,2022,GGGI,rank,8,Sub-Saharan Africa
NAM,gggi_index,2022,GGGI,score,0.806619974,Sub-Saharan Africa
NER,gggi_index,2022,GGGI,rank,128,Sub-Saharan Africa
NER,gggi_index,2022,GGGI,score,0.635121229,Sub-Saharan Africa
NGA,gggi_index,2022,GGGI,rank,123,Sub-Saharan Africa
NGA,gggi_index,2022,GGGI,score,0.639028437,Sub-Saharan Africa
RWA,gggi_index,2022,GGGI,rank,6,Sub-Saharan Africa
RWA,gggi_index,2022,GGGI,score,0.811244513,Sub-Saharan Africa
SEN,gggi_index,2022,GGGI,rank,112,Sub-Saharan Africa
SEN,gggi_index,2022,GGGI,score,0.668479234,Sub-Saharan Africa
SLE,gggi_index,2022,GGGI,rank,109,Sub-Saharan Africa
SLE,gggi_index,2022,GGGI,score,0.671938576,Sub-Saharan Africa
SWZ,gggi_index,2022,GGGI,rank,58,Sub-Saharan Africa
SWZ,gggi_index,2022,GGGI,score,0.727529683,Sub-Saharan Africa
TCD,gggi_index,2022,GGGI,rank,142,Sub-Saharan Africa
TCD,gggi_index,2022,GGGI,score,0.578687803,Sub-Saharan Africa
TGO,gggi_index,2022,GGGI,rank,91,Sub-Saharan Africa
TGO,gggi_index,2022,GGGI,score,0.697216487,Sub-Saharan Africa
TZA,gggi_index,2019,GGGI,rank,68,Sub-Saharan Africa
UGA,gggi_index,2019,GGGI,rank,65,Sub-Saharan Africa
ZAF,gggi_index,2019,GGGI,rank,17,Sub-Saharan Africa
ZMB,gggi_index,2019,GGGI,rank,45,Sub-Saharan Africa
ZWE,gggi_index,2019,GGGI,rank,47,Sub-Saharan Africa
TZA,gggi_index,2019,GGGI,score,0.712921874,Sub-Saharan Africa
UGA,gggi_index,2019,GGGI,score,0.716564094,Sub-Saharan Africa
ZAF,gggi_index,2019,GGGI,score,0.780046349,Sub-Saharan Africa
ZMB,gggi_index,2019,GGGI,score,0.730799044,Sub-Saharan Africa
ZWE,gggi_index,2019,GGGI,score,0.730341049,Sub-Saharan Africa
TZA,gggi_index,2021,GGGI,rank,82,Sub-Saharan Africa
UGA,gggi_index,2021,GGGI,rank,66,Sub-Saharan Africa
ZAF,gggi_index,2021,GGGI,rank,18,Sub-Saharan Africa
ZMB,gggi_index,2021,GGGI,rank,56,Sub-Saharan Africa
ZWE,gggi_index,2021,GGGI,rank,47,Sub-Saharan Africa
TZA,gggi_index,2021,GGGI,score,0.707300042,Sub-Saharan Africa
UGA,gggi_index,2021,GGGI,score,0.716507395,Sub-Saharan Africa
ZAF,gggi_index,2021,GGGI,score,0.78096267,Sub-Saharan Africa
ZMB,gggi_index,2021,GGGI,score,0.72550804,Sub-Saharan Africa
ZWE,gggi_index,2021,GGGI,score,0.732243215,Sub-Saharan Africa
TZA,gggi_index,2022,GGGI,rank,64,Sub-Saharan Africa
TZA,gggi_index,2022,GGGI,score,0.719224003,Sub-Saharan Africa
UGA,gggi_index,2022,GGGI,rank,61,Sub-Saharan Africa
UGA,gggi_index,2022,GGGI,score,0.723528818,Sub-Saharan Africa
ZAF,gggi_index,2022,GGGI,rank,20,Sub-Saharan Africa
ZAF,gggi_index,2022,GGGI,score,0.781991219,Sub-Saharan Africa
ZMB,gggi_index,2022,GGGI,rank,62,Sub-Saharan Africa
ZMB,gggi_index,2022,GGGI,score,0.72342111,Sub-Saharan Africa
ZWE,gggi_index,2022,GGGI,rank,50,Sub-Saharan Africa
ZWE,gggi_index,2022,GGGI,score,0.734099228,Sub-Saharan Africa
TCD,gggi_index,2023,GGGI,score,0.570476721,Sub-Saharan Africa
TCD,gggi_index,2023,GGGI,rank,145,Sub-Saharan Africa
MLI,gggi_index,2023,GGGI,score,0.604571417,Sub-Saharan Africa
MLI,gggi_index,2023,GGGI,rank,141,Sub-Saharan Africa
COD,gggi_index,2023,GGGI,score,0.611556856,Sub-Saharan Africa
COD,gggi_index,2023,GGGI,rank,140,Sub-Saharan Africa
BEN,gggi_index,2023,GGGI,score,0.616090487,Sub-Saharan Africa
BEN,gggi_index,2023,GGGI,rank,138,Sub-Saharan Africa
GIN,gggi_index,2023,GGGI,score,0.61732322,Sub-Saharan Africa
GIN,gggi_index,2023,GGGI,rank,137,Sub-Saharan Africa
NER,gggi_index,2023,GGGI,score,0.621941825,Sub-Saharan Africa
NER,gggi_index,2023,GGGI,rank,135,Sub-Saharan Africa
NGA,gggi_index,2023,GGGI,score,0.637239782,Sub-Saharan Africa
NGA,gggi_index,2023,GGGI,rank,130,Sub-Saharan Africa
CIV,gggi_index,2023,GGGI,score,0.650080875,Sub-Saharan Africa
CIV,gggi_index,2023,GGGI,rank,122,Sub-Saharan Africa
GMB,gggi_index,2023,GGGI,score,0.651018962,Sub-Saharan Africa
GMB,gggi_index,2023,GGGI,rank,119,Sub-Saharan Africa
AGO,gggi_index,2023,GGGI,score,0.656016482,Sub-Saharan Africa
AGO,gggi_index,2023,GGGI,rank,118,Sub-Saharan Africa
COM,gggi_index,2023,GGGI,score,0.664077303,Sub-Saharan Africa
COM,gggi_index,2023,GGGI,rank,114,Sub-Saharan Africa
SLE,gggi_index,2023,GGGI,score,0.667200381,Sub-Saharan Africa
SLE,gggi_index,2023,GGGI,rank,112,Sub-Saharan Africa
MWI,gggi_index,2023,GGGI,score,0.675660572,Sub-Saharan Africa
MWI,gggi_index,2023,GGGI,rank,110,Sub-Saharan Africa
BFA,gggi_index,2023,GGGI,score,0.675887207,Sub-Saharan Africa
BFA,gggi_index,2023,GGGI,rank,109,Sub-Saharan Africa
SEN,gggi_index,2023,GGGI,score,0.680143113,Sub-Saharan Africa
SEN,gggi_index,2023,GGGI,rank,104,Sub-Saharan Africa
GHA,gggi_index,2023,GGGI,score,0.687978773,Sub-Saharan Africa
GHA,gggi_index,2023,GGGI,rank,100,Sub-Saharan Africa
MUS,gggi_index,2023,GGGI,score,0.689430048,Sub-Saharan Africa
MUS,gggi_index,2023,GGGI,rank,98,Sub-Saharan Africa
CMR,gggi_index,2023,GGGI,score,0.693177707,Sub-Saharan Africa
CMR,gggi_index,2023,GGGI,rank,94,Sub-Saharan Africa
TGO,gggi_index,2023,GGGI,score,0.696164246,Sub-Saharan Africa
TGO,gggi_index,2023,GGGI,rank,90,Sub-Saharan Africa
ZMB,gggi_index,2023,GGGI,score,0.698563209,Sub-Saharan Africa
ZMB,gggi_index,2023,GGGI,rank,85,Sub-Saharan Africa
LSO,gggi_index,2023,GGGI,score,0.701591171,Sub-Saharan Africa
LSO,gggi_index,2023,GGGI,rank,82,Sub-Saharan Africa
UGA,gggi_index,2023,GGGI,score,0.706067494,Sub-Saharan Africa
UGA,gggi_index,2023,GGGI,rank,78,Sub-Saharan Africa
KEN,gggi_index,2023,GGGI,score,0.708092885,Sub-Saharan Africa
KEN,gggi_index,2023,GGGI,rank,77,Sub-Saharan Africa
ETH,gggi_index,2023,GGGI,score,0.71075352,Sub-Saharan Africa
ETH,gggi_index,2023,GGGI,rank,75,Sub-Saharan Africa
BWA,gggi_index,2023,GGGI,score,0.718690045,Sub-Saharan Africa
BWA,gggi_index,2023,GGGI,rank,64,Sub-Saharan Africa
MDG,gggi_index,2023,GGGI,score,0.736549314,Sub-Saharan Africa
MDG,gggi_index,2023,GGGI,rank,51,Sub-Saharan Africa
TZA,gggi_index,2023,GGGI,score,0.739555167,Sub-Saharan Africa
TZA,gggi_index,2023,GGGI,rank,48,Sub-Saharan Africa
SWZ,gggi_index,2023,GGGI,score,0.74497483,Sub-Saharan Africa
SWZ,gggi_index,2023,GGGI,rank,46,Sub-Saharan Africa
ZWE,gggi_index,2023,GGGI,score,0.746267235,Sub-Saharan Africa
ZWE,gggi_index,2023,GGGI,rank,45,Sub-Saharan Africa
LBR,gggi_index,2023,GGGI,score,0.759911082,Sub-Saharan Africa
LBR,gggi_index,2023,GGGI,rank,39,Sub-Saharan Africa
CPV,gggi_index,2023,GGGI,score,0.760561403,Sub-Saharan Africa
CPV,gggi_index,2023,GGGI,rank,37,Sub-Saharan Africa
BDI,gggi_index,2023,GGGI,score,0.763140168,Sub-Saharan Africa
BDI,gggi_index,2023,GGGI,rank,35,Sub-Saharan Africa
MOZ,gggi_index,2023,GGGI,score,0.77761622,Sub-Saharan Africa
MOZ,gggi_index,2023,GGGI,rank,25,Sub-Saharan Africa
ZAF,gggi_index,2023,GGGI,score,0.787408997,Sub-Saharan Africa
ZAF,gggi_index,2023,GGGI,rank,20,Sub-Saharan Africa
RWA,gggi_index,2023,GGGI,score,0.794232884,Sub-Saharan Africa
RWA,gggi_index,2023,GGGI,rank,12,Sub-Saharan Africa
NAM,gggi_index,2023,GGGI,score,0.801792823,Sub-Saharan Africa
NAM,gggi_index,2023,GGGI,rank,8,Sub-Saharan Africa
